,sample,mean,SD,median,number of IESs
0,total,-0.0293150503836508,0.784455362155293,-0.04677873173717395,44449
1,low,-0.07222286002964844,0.7723149984601293,-0.07535045931008588,36014
2,high,0.15388374707822927,0.8091460765699365,0.15439044476880337,8435
3,short,-0.04380563679653722,0.7948990766557575,-0.060787734338409005,42493
4,long,0.28548479033351815,0.39174808017389023,0.25423804376500014,1956
5,low_short,-0.08246327430846329,0.7798416631423551,-0.08463704542572126,34868
6,low_long,0.23935023340291403,0.3753445090833265,0.19972105539622678,1146
7,high_short,0.1329700359596383,0.8380330917105322,0.12577261750656077,7625
8,high_long,0.3507566449538542,0.4051971302725158,0.3335829856757911,810
