,sample,mean,SD,median,number of IESs
0,total,-0.03944993739498653,1.4517517904044877,-0.06486594536559384,44257
1,low,-0.12011536458254715,1.4321749682629896,-0.1294015415751898,35844
2,high,0.3042290798534294,1.4840965841791358,0.2578131851819625,8413
3,short,-0.04916050790829752,1.436018183697758,-0.07619133950575009,42312
4,long,0.17179616006476398,1.7466702625218424,0.07717230290770116,1945
5,low_short,-0.1270741630297917,1.4001529127746843,-0.1351084958355756,34709
6,low_long,0.09268898370415815,2.1867923855372196,-0.013570651501379594,1135
7,high_short,0.30652870103711105,1.5403209109183018,0.25837699456783475,7603
8,high_long,0.28264387015030423,0.779015181730002,0.2544323950935333,810
